-- =============================================================================
-- Kimball Data Warehouse — Anthropic Model Registry
-- PostgreSQL 16  |  Schema: dw
-- Generated by: kimball-model-yaml-skill v0.1.0
-- Source model: Claude Fable 5 & Claude Mythos 5 (2026-06-09)
-- =============================================================================

BEGIN;

CREATE SCHEMA IF NOT EXISTS dw;

-- ---------------------------------------------------------------------------
-- dim_date — SCD Type 0 (immutable calendar; never changes)
-- ---------------------------------------------------------------------------
CREATE TABLE IF NOT EXISTS dw.dim_date (
    date_key        INTEGER  PRIMARY KEY,          -- YYYYMMDD
    full_date       DATE     NOT NULL UNIQUE,
    year            SMALLINT NOT NULL,
    quarter         SMALLINT NOT NULL CHECK (quarter BETWEEN 1 AND 4),
    month           SMALLINT NOT NULL CHECK (month   BETWEEN 1 AND 12),
    week_iso        SMALLINT NOT NULL CHECK (week_iso BETWEEN 1 AND 53),
    day_of_week     SMALLINT NOT NULL CHECK (day_of_week BETWEEN 1 AND 7), -- 1=Mon ISO
    is_weekend      BOOLEAN  NOT NULL
);

-- Seed today's date (used by seed INSERTs below)
INSERT INTO dw.dim_date (date_key, full_date, year, quarter, month, week_iso, day_of_week, is_weekend)
VALUES (20260609, '2026-06-09', 2026, 2, 6, 24, 2, FALSE)
ON CONFLICT DO NOTHING;

-- ---------------------------------------------------------------------------
-- dim_model — SCD Type II (history-preserving; tracks price/capability changes)
-- ---------------------------------------------------------------------------
CREATE TABLE IF NOT EXISTS dw.dim_model (
    surrogate_key       BIGINT GENERATED ALWAYS AS IDENTITY PRIMARY KEY,
    -- Natural key
    api_model_id        TEXT           NOT NULL,
    -- SCD II bookkeeping
    row_effective_from  TIMESTAMPTZ    NOT NULL DEFAULT NOW(),
    row_effective_to    TIMESTAMPTZ    NOT NULL DEFAULT 'infinity',
    is_current          BOOLEAN        NOT NULL DEFAULT TRUE,
    -- Slowly-changing attributes
    display_name        TEXT           NOT NULL,
    family              TEXT           NOT NULL,
    tier                TEXT           NOT NULL
                            CHECK (tier IN ('flagship','mid','haiku','preview','limited','deprecated')),
    context_window_k    INTEGER        NOT NULL,
    max_output_k        INTEGER        NOT NULL,
    price_input_mtok    NUMERIC(18,6)  NOT NULL,
    price_output_mtok   NUMERIC(18,6)  NOT NULL,
    thinking_mode       TEXT,
    safety_classifiers  BOOLEAN        NOT NULL DEFAULT TRUE,
    glasswing_only      BOOLEAN        NOT NULL DEFAULT FALSE,
    successor_to        TEXT,
    data_retention_days INTEGER,
    zero_data_retention BOOLEAN        NOT NULL DEFAULT FALSE,
    -- Audit
    source_system       TEXT           NOT NULL DEFAULT 'model-registry',
    loaded_at           TIMESTAMPTZ    NOT NULL DEFAULT NOW(),
    UNIQUE (api_model_id, row_effective_from)
);

CREATE INDEX IF NOT EXISTS idx_dim_model_current
    ON dw.dim_model (api_model_id) WHERE is_current;

-- ---------------------------------------------------------------------------
-- dim_model_platform — SCD Type I (overwrite; availability may change)
-- ---------------------------------------------------------------------------
CREATE TABLE IF NOT EXISTS dw.dim_model_platform (
    surrogate_key   BIGINT GENERATED ALWAYS AS IDENTITY PRIMARY KEY,
    api_model_id    TEXT    NOT NULL,
    platform        TEXT    NOT NULL,
    available       BOOLEAN NOT NULL DEFAULT TRUE,
    updated_at      TIMESTAMPTZ NOT NULL DEFAULT NOW(),
    UNIQUE (api_model_id, platform)
);

CREATE INDEX IF NOT EXISTS idx_dim_model_platform_model
    ON dw.dim_model_platform (api_model_id);

-- ---------------------------------------------------------------------------
-- dim_model_feature — SCD Type I (overwrite; beta flag may change)
-- ---------------------------------------------------------------------------
CREATE TABLE IF NOT EXISTS dw.dim_model_feature (
    surrogate_key   BIGINT GENERATED ALWAYS AS IDENTITY PRIMARY KEY,
    api_model_id    TEXT    NOT NULL,
    feature         TEXT    NOT NULL,
    beta            BOOLEAN NOT NULL DEFAULT FALSE,
    updated_at      TIMESTAMPTZ NOT NULL DEFAULT NOW(),
    UNIQUE (api_model_id, feature)
);

CREATE INDEX IF NOT EXISTS idx_dim_model_feature_model
    ON dw.dim_model_feature (api_model_id);

-- ---------------------------------------------------------------------------
-- dim_model_access — SCD Type III (one prior value; tracks GA vs Glasswing)
-- ---------------------------------------------------------------------------
CREATE TABLE IF NOT EXISTS dw.dim_model_access (
    surrogate_key           BIGINT GENERATED ALWAYS AS IDENTITY PRIMARY KEY,
    api_model_id            TEXT NOT NULL UNIQUE,
    current_access_tier     TEXT NOT NULL
                                CHECK (current_access_tier IN ('ga','glasswing','deprecated')),
    prior_access_tier       TEXT
                                CHECK (prior_access_tier  IN ('ga','glasswing','deprecated') OR prior_access_tier IS NULL),
    access_tier_changed_at  TIMESTAMPTZ,
    updated_at              TIMESTAMPTZ NOT NULL DEFAULT NOW()
);

-- ---------------------------------------------------------------------------
-- fact_model_pricing — periodic snapshot (one row per model per day)
-- ---------------------------------------------------------------------------
CREATE TABLE IF NOT EXISTS dw.fact_model_pricing (
    surrogate_key       BIGINT GENERATED ALWAYS AS IDENTITY PRIMARY KEY,
    date_key            INTEGER        NOT NULL REFERENCES dw.dim_date(date_key),
    model_sk            BIGINT         NOT NULL REFERENCES dw.dim_model(surrogate_key),
    price_input_mtok    NUMERIC(18,6)  NOT NULL,
    price_output_mtok   NUMERIC(18,6)  NOT NULL,
    context_window_k    INTEGER        NOT NULL,
    snapshot_at         TIMESTAMPTZ    NOT NULL DEFAULT NOW(),
    UNIQUE (date_key, model_sk)
);

CREATE INDEX IF NOT EXISTS idx_fact_pricing_date  ON dw.fact_model_pricing (date_key);
CREATE INDEX IF NOT EXISTS idx_fact_pricing_model ON dw.fact_model_pricing (model_sk);

-- ---------------------------------------------------------------------------
-- fact_model_usage — transactional fact (stub; populated by telemetry pipeline)
-- ---------------------------------------------------------------------------
CREATE TABLE IF NOT EXISTS dw.fact_model_usage (
    surrogate_key       BIGINT GENERATED ALWAYS AS IDENTITY PRIMARY KEY,
    date_key            INTEGER  NOT NULL REFERENCES dw.dim_date(date_key),
    model_sk            BIGINT   NOT NULL REFERENCES dw.dim_model(surrogate_key),
    platform            TEXT     NOT NULL,
    input_tokens        BIGINT   NOT NULL DEFAULT 0,
    output_tokens       BIGINT   NOT NULL DEFAULT 0,
    cache_read_tokens   BIGINT   NOT NULL DEFAULT 0,
    refusal_count       INTEGER  NOT NULL DEFAULT 0,
    fallback_count      INTEGER  NOT NULL DEFAULT 0,
    loaded_at           TIMESTAMPTZ NOT NULL DEFAULT NOW()
);

CREATE INDEX IF NOT EXISTS idx_fact_usage_date_model
    ON dw.fact_model_usage (date_key, model_sk);

-- ---------------------------------------------------------------------------
-- events_model — append-only lifecycle audit (Kimball events_ pattern)
-- ---------------------------------------------------------------------------
CREATE TABLE IF NOT EXISTS dw.events_model (
    event_id        BIGINT      GENERATED ALWAYS AS IDENTITY PRIMARY KEY,
    occurred_at     TIMESTAMPTZ NOT NULL DEFAULT NOW(),
    date_key        INTEGER     NOT NULL REFERENCES dw.dim_date(date_key),
    api_model_id    TEXT        NOT NULL,
    event_type      TEXT        NOT NULL
                        CHECK (event_type IN (
                            'model_announced',
                            'model_ga',
                            'model_deprecated',
                            'pricing_changed',
                            'feature_added',
                            'feature_removed',
                            'platform_added',
                            'platform_removed',
                            'access_tier_changed',
                            'successor_linked'
                        )),
    actor           TEXT,            -- 'anthropic' | pipeline id | user id
    old_value       JSONB,
    new_value       JSONB,
    source_url      TEXT,
    notes           TEXT
);

CREATE INDEX IF NOT EXISTS idx_events_model_id_time
    ON dw.events_model (api_model_id, occurred_at DESC);
CREATE INDEX IF NOT EXISTS idx_events_model_type_time
    ON dw.events_model (event_type, occurred_at DESC);

-- =============================================================================
-- SEED DATA — Claude Fable 5
-- =============================================================================

INSERT INTO dw.dim_model (
    api_model_id, display_name, family, tier,
    context_window_k, max_output_k,
    price_input_mtok, price_output_mtok,
    thinking_mode, safety_classifiers, glasswing_only,
    successor_to, data_retention_days, zero_data_retention
) VALUES (
    'claude-fable-5', 'Claude Fable 5', 'fable', 'flagship',
    1000, 128,
    10.000000, 50.000000,
    'adaptive_only', TRUE, FALSE,
    'claude-opus-4-8', 30, FALSE
);

-- Platforms — SCD I
INSERT INTO dw.dim_model_platform (api_model_id, platform) VALUES
    ('claude-fable-5', 'claude-api'),
    ('claude-fable-5', 'claude-platform-aws'),
    ('claude-fable-5', 'amazon-bedrock'),
    ('claude-fable-5', 'vertex-ai'),
    ('claude-fable-5', 'microsoft-foundry')
ON CONFLICT (api_model_id, platform) DO UPDATE
    SET available = TRUE, updated_at = NOW();

-- Features — SCD I
INSERT INTO dw.dim_model_feature (api_model_id, feature, beta) VALUES
    ('claude-fable-5', 'effort',         FALSE),
    ('claude-fable-5', 'task-budgets',   TRUE),
    ('claude-fable-5', 'memory-tool',    FALSE),
    ('claude-fable-5', 'context-editing',TRUE),
    ('claude-fable-5', 'compaction',     FALSE),
    ('claude-fable-5', 'vision',         FALSE)
ON CONFLICT (api_model_id, feature) DO UPDATE
    SET beta = EXCLUDED.beta, updated_at = NOW();

-- Access tier — SCD III
INSERT INTO dw.dim_model_access (api_model_id, current_access_tier, prior_access_tier)
VALUES ('claude-fable-5', 'ga', NULL)
ON CONFLICT (api_model_id) DO UPDATE
    SET prior_access_tier      = dw.dim_model_access.current_access_tier,
        current_access_tier    = EXCLUDED.current_access_tier,
        access_tier_changed_at = NOW(),
        updated_at             = NOW();

-- Pricing snapshot
INSERT INTO dw.fact_model_pricing (date_key, model_sk, price_input_mtok, price_output_mtok, context_window_k)
SELECT 20260609, surrogate_key, 10.000000, 50.000000, 1000
FROM   dw.dim_model
WHERE  api_model_id = 'claude-fable-5' AND is_current
ON CONFLICT (date_key, model_sk) DO NOTHING;

-- GA event
INSERT INTO dw.events_model (date_key, api_model_id, event_type, actor, new_value, source_url)
VALUES (
    20260609,
    'claude-fable-5',
    'model_ga',
    'anthropic',
    '{"display_name":"Claude Fable 5","tier":"flagship","ga_date":"2026-06-09","price_input_mtok":10,"price_output_mtok":50}'::jsonb,
    'https://platform.claude.com/docs/en/about-claude/models/introducing-claude-fable-5-and-claude-mythos-5.md'
);

INSERT INTO dw.events_model (date_key, api_model_id, event_type, actor, new_value, source_url, notes)
VALUES (
    20260609,
    'claude-fable-5',
    'successor_linked',
    'anthropic',
    '{"successor_to":"claude-opus-4-8"}'::jsonb,
    'https://platform.claude.com/docs/en/about-claude/models/introducing-claude-fable-5-and-claude-mythos-5.md',
    'claude-fable-5 supersedes claude-opus-4-8'
);

-- =============================================================================
-- SEED DATA — Claude Mythos 5
-- =============================================================================

INSERT INTO dw.dim_model (
    api_model_id, display_name, family, tier,
    context_window_k, max_output_k,
    price_input_mtok, price_output_mtok,
    thinking_mode, safety_classifiers, glasswing_only,
    successor_to, data_retention_days, zero_data_retention
) VALUES (
    'claude-mythos-5', 'Claude Mythos 5', 'mythos', 'limited',
    1000, 128,
    10.000000, 50.000000,
    'adaptive_only', FALSE, TRUE,
    'claude-mythos-preview', 30, FALSE
);

-- Platforms — Glasswing only
INSERT INTO dw.dim_model_platform (api_model_id, platform) VALUES
    ('claude-mythos-5', 'project-glasswing')
ON CONFLICT (api_model_id, platform) DO UPDATE
    SET available = TRUE, updated_at = NOW();

-- Features — same as Fable 5
INSERT INTO dw.dim_model_feature (api_model_id, feature, beta) VALUES
    ('claude-mythos-5', 'effort',         FALSE),
    ('claude-mythos-5', 'task-budgets',   TRUE),
    ('claude-mythos-5', 'memory-tool',    FALSE),
    ('claude-mythos-5', 'context-editing',TRUE),
    ('claude-mythos-5', 'compaction',     FALSE),
    ('claude-mythos-5', 'vision',         FALSE)
ON CONFLICT (api_model_id, feature) DO UPDATE
    SET beta = EXCLUDED.beta, updated_at = NOW();

-- Access tier — SCD III
INSERT INTO dw.dim_model_access (api_model_id, current_access_tier, prior_access_tier)
VALUES ('claude-mythos-5', 'glasswing', NULL)
ON CONFLICT (api_model_id) DO UPDATE
    SET prior_access_tier      = dw.dim_model_access.current_access_tier,
        current_access_tier    = EXCLUDED.current_access_tier,
        access_tier_changed_at = NOW(),
        updated_at             = NOW();

-- Pricing snapshot
INSERT INTO dw.fact_model_pricing (date_key, model_sk, price_input_mtok, price_output_mtok, context_window_k)
SELECT 20260609, surrogate_key, 10.000000, 50.000000, 1000
FROM   dw.dim_model
WHERE  api_model_id = 'claude-mythos-5' AND is_current
ON CONFLICT (date_key, model_sk) DO NOTHING;

-- GA event (limited release)
INSERT INTO dw.events_model (date_key, api_model_id, event_type, actor, new_value, source_url, notes)
VALUES (
    20260609,
    'claude-mythos-5',
    'model_announced',
    'anthropic',
    '{"display_name":"Claude Mythos 5","tier":"limited","glasswing_only":true,"ga_date":"2026-06-09","price_input_mtok":10,"price_output_mtok":50}'::jsonb,
    'https://platform.claude.com/docs/en/about-claude/models/introducing-claude-fable-5-and-claude-mythos-5.md',
    'Limited release via Project Glasswing; not publicly GA'
);

INSERT INTO dw.events_model (date_key, api_model_id, event_type, actor, new_value, source_url, notes)
VALUES (
    20260609,
    'claude-mythos-5',
    'successor_linked',
    'anthropic',
    '{"successor_to":"claude-mythos-preview"}'::jsonb,
    'https://platform.claude.com/docs/en/about-claude/models/introducing-claude-fable-5-and-claude-mythos-5.md',
    'claude-mythos-5 supersedes claude-mythos-preview'
);

COMMIT;

-- =============================================================================
-- SCD II helper: expire + insert new version (template, not auto-run)
-- =============================================================================
-- Run this when pricing or capabilities change for a model:
--
-- BEGIN;
-- UPDATE dw.dim_model
-- SET    row_effective_to = NOW(),
--        is_current       = FALSE
-- WHERE  api_model_id = 'claude-fable-5'
--   AND  is_current   = TRUE;
--
-- INSERT INTO dw.dim_model ( api_model_id, display_name, family, tier,
--     context_window_k, max_output_k,
--     price_input_mtok, price_output_mtok,
--     thinking_mode, safety_classifiers, glasswing_only, successor_to,
--     data_retention_days, zero_data_retention )
-- VALUES ( 'claude-fable-5', 'Claude Fable 5', 'fable', 'flagship',
--     1000, 128, <NEW_INPUT_PRICE>, <NEW_OUTPUT_PRICE>,
--     'adaptive_only', TRUE, FALSE, 'claude-opus-4-8', 30, FALSE );
--
-- INSERT INTO dw.events_model (date_key, api_model_id, event_type, actor, old_value, new_value)
-- VALUES ( <YYYYMMDD>, 'claude-fable-5', 'pricing_changed', 'anthropic',
--     '{"price_input_mtok":10,"price_output_mtok":50}'::jsonb,
--     '{"price_input_mtok":<NEW>,"price_output_mtok":<NEW>}'::jsonb );
-- COMMIT;
